{"metadata":{"asset_id":"3af131f0-13c5-4fb1-a4bf-4e995794213c","asset_attributes":["notebook"],"name":"Final Assignment","asset_type":"notebook","created_at":"2021-11-28T20:50:08Z","description":"","origin_country":"us","owner_id":"IBMid-6640029SQT","project_id":"e4d474a3-27ad-425c-8cec-dc794cb3f797","size":474427,"tags":["notebook"],"usage":{"last_update_time":1638298430283,"last_updated_at":"2021-11-30T18:53:50Z"}},"entity":{"notebook":{"kernel":{"name":"python3","display_name":"Python 3.8","language":"python"},"originates_from":{"type":"blank"},"runtime":{"environment":"conda2py38-e4d474a3-27ad-425c-8cec-dc794cb3f797"}}},"attachments":[{"id":"46255924-06da-4a31-9f4a-e70721f11ab9","version":2,"asset_type":"notebook","name":"attachment for notebook 3af131f0-13c5-4fb1-a4bf-4e995794213c","description":"attachment for notebook 3af131f0-13c5-4fb1-a4bf-4e995794213c","mime":"application/json","datasource_type":"193a97c1-4475-4a19-b90c-295c4fdc6517","object_key":"notebook/Final_Assignment_BDHMMM5fl.ipynb","creator_id":"IBMid-6640029SQT","create_time":1638132609086,"size":474427,"is_remote":false,"is_managed":false,"is_referenced":true,"is_object_key_read_only":false,"is_user_provided_path_key":true,"transfer_complete":true,"is_partitioned":false,"complete_time_ticks":1638132609086,"user_data":{},"test_doc":0,"handle":{"bucket":"pythonprojectfordatascience-donotdelete-pr-k8pfs8txyirlib","location":"eu-geo","key":"notebook/Final_Assignment_BDHMMM5fl.ipynb","upload_id":"done","max_part_num":1},"usage":{"access_count":34,"last_accessor_id":"IBMid-6640029SQT","last_access_time":1638298430283,"last_updater_id":"IBMid-6640029SQT","last_update_time":1638298430283}}]}
